Date,Tsunami,Magma_Lava Flow,Fuming_Level ,Seismic_Signal,Gas_Emission,Aviation_Color_Code,Volcano_Alert_Level
1262304000,0,2,1,0,2,2,2
1262390400,0,2,1,0,2,2,2
1262476800,0,2,1,0,2,2,2
1262563200,0,2,1,0,2,2,2
1262649600,0,2,1,0,2,2,2
1262736000,0,2,1,0,2,2,2
1262822400,0,2,1,0,2,2,2
1262908800,0,2,1,0,2,2,2
1262995200,0,2,1,0,2,2,2
1263081600,0,2,1,0,2,2,2
1263168000,0,2,1,0,2,2,2
1263254400,0,2,1,0,2,2,2
1263340800,0,2,1,0,2,2,2
1263427200,0,2,1,0,2,2,2
1263513600,0,2,1,0,2,2,2
1263600000,0,2,1,0,2,2,2
1263686400,0,2,1,0,2,2,2
1263772800,0,2,1,0,2,2,2
1263859200,0,2,1,0,2,2,2
1263945600,0,2,1,0,2,2,2
1264032000,0,2,1,0,2,2,2
1264118400,0,2,1,0,2,2,2
1264204800,0,2,1,0,2,2,2
1264291200,0,2,1,0,2,2,2
1264377600,0,2,1,0,2,2,2
1264464000,0,2,1,0,2,2,2
1264550400,0,2,1,0,2,2,2
1264636800,0,2,1,0,2,2,2
1264723200,0,2,1,0,2,2,2
1264809600,0,2,1,0,2,2,2
1264896000,0,2,1,0,2,2,2
1264982400,0,2,1,0,2,2,2
1265068800,0,2,1,0,2,2,2
1265155200,0,2,1,0,2,2,2
1265241600,0,2,1,0,2,2,2
1265328000,0,2,1,0,2,2,2
1265414400,0,2,1,0,2,2,2
1265500800,0,2,1,0,2,2,2
1265587200,0,2,1,0,2,2,2
1265673600,0,2,1,0,2,2,2
1265760000,0,2,1,0,2,2,2
1265846400,0,2,1,0,2,2,2
1265932800,0,2,1,0,2,2,2
1266019200,0,2,1,0,2,2,2
1266105600,0,2,1,0,2,2,2
1266192000,0,2,1,0,2,2,2
1266278400,0,2,1,0,2,2,2
1266364800,0,2,1,0,2,2,2
1266451200,0,2,1,0,2,2,2
1266537600,0,2,1,0,2,2,2
1266624000,0,2,1,0,2,2,2
1266710400,0,2,1,0,2,2,2
1266796800,0,2,1,0,2,2,2
1266883200,0,2,1,0,2,2,2
1266969600,0,2,1,0,2,2,2
1267056000,0,2,1,0,2,2,2
1267142400,0,2,1,0,2,2,2
1267228800,1,2,1,3,2,2,2
1267315200,0,2,1,0,2,2,2
1267401600,0,2,1,0,2,2,2
1267488000,0,2,1,0,2,2,2
1267574400,0,2,1,0,2,2,2
1267660800,0,2,1,0,2,2,2
1267747200,0,2,1,0,2,2,2
1267833600,0,2,1,0,2,2,2
1267920000,0,2,1,0,2,2,2
1268006400,0,2,1,0,2,2,2
1268092800,0,2,1,0,2,2,2
1268179200,0,2,1,0,2,2,2
1268265600,0,2,1,0,2,2,2
1268352000,0,2,1,0,2,2,2
1268438400,0,2,1,0,2,2,2
1268524800,0,2,1,0,2,2,2
1268611200,0,2,1,0,2,2,2
1268697600,0,2,1,0,2,2,2
1268784000,0,2,1,0,2,2,2
1268870400,0,2,1,0,2,2,2
1268956800,0,2,1,0,2,2,2
1269043200,0,2,1,0,2,2,2
1269129600,0,2,1,0,2,2,2
1269216000,0,2,1,0,2,2,2
1269302400,0,2,1,0,2,2,2
1269388800,0,2,1,0,2,2,2
1269475200,0,2,1,0,2,2,2
1269561600,0,2,1,0,2,2,2
1269648000,0,2,1,0,2,2,2
1269734400,0,2,1,0,2,2,2
1269820800,0,2,1,0,2,2,2
1269907200,0,2,1,0,2,2,2
1269993600,0,2,1,0,2,2,2
1270080000,0,2,1,0,2,2,2
1270166400,0,2,1,0,2,2,2
1270252800,0,2,1,0,2,2,2
1270339200,0,2,1,0,2,2,2
1270425600,0,2,1,0,2,2,2
1270512000,0,2,1,0,2,2,2
1270598400,0,2,1,0,2,2,2
1270684800,0,2,1,0,2,2,2
1270771200,0,2,1,0,2,2,2
1270857600,0,2,1,0,2,2,2
1271030400,0,2,1,0,2,2,2
1271116800,0,2,1,0,2,2,2
1271203200,0,2,1,0,2,2,2
1271289600,0,2,1,0,2,2,2
1271376000,0,2,1,0,2,2,2
1271462400,0,2,1,0,2,2,2
1271548800,0,2,1,0,2,2,2
1271635200,0,2,1,0,2,2,2
1271721600,0,2,1,0,2,2,2
1271808000,0,2,1,0,2,2,2
1271894400,0,2,1,0,2,2,2
1271980800,0,2,1,0,2,2,2
1272067200,0,2,1,0,2,2,2
1272153600,0,2,1,0,2,2,2
1272240000,0,2,1,0,2,2,2
1272326400,0,2,1,0,2,2,2
1272412800,0,2,1,0,2,2,2
1272499200,0,2,1,0,2,2,2
1272585600,0,2,1,0,2,2,2
1272672000,0,2,1,0,2,2,2
1272758400,0,2,1,0,2,2,2
1272844800,0,2,1,0,2,2,2
1272931200,0,2,1,0,2,2,2
1273017600,0,2,1,0,2,2,2
1273104000,0,2,1,0,2,2,2
1273190400,0,2,1,0,2,2,2
1273276800,0,2,1,0,2,2,2
1273363200,0,2,1,0,2,2,2
1273449600,0,2,1,0,2,2,2
1273536000,0,2,1,0,2,2,2
1273622400,0,2,1,0,2,2,2
1273708800,0,2,1,0,2,2,2
1273795200,0,2,1,0,2,2,2
1273881600,0,2,1,0,2,2,2
1273968000,0,2,1,0,2,2,2
1274054400,0,2,1,0,2,2,2
1274140800,0,2,1,0,2,2,2
1274227200,0,2,1,0,2,2,2
1274313600,0,2,1,0,2,2,2
1274400000,0,2,1,0,2,2,2
1274486400,0,2,1,0,2,2,2
1274572800,0,2,1,0,2,2,2
1274659200,0,2,1,0,2,2,2
1274745600,0,2,1,0,2,2,2
1274832000,0,2,1,0,2,2,2
1274918400,0,2,1,0,2,2,2
1275004800,0,2,1,0,2,2,2
1275091200,0,2,1,0,2,2,2
1275177600,0,2,1,0,2,2,2
1275264000,0,2,1,0,2,2,2
1275350400,0,2,1,0,2,2,2
1275436800,0,2,1,0,2,2,2
1275523200,0,2,1,0,2,2,2
1275609600,0,2,1,0,2,2,2
1275696000,0,2,1,0,2,2,2
1275782400,0,2,1,0,2,2,2
1275868800,0,2,1,0,2,2,2
1275955200,0,2,1,0,2,2,2
1276041600,0,2,1,0,2,2,2
1276128000,0,2,1,0,2,2,2
1276214400,0,2,1,0,2,2,2
1276300800,0,2,1,0,2,2,2
1276387200,0,2,1,0,2,2,2
1276473600,0,2,1,0,2,2,2
1276560000,0,2,1,0,2,2,2
1276646400,0,2,1,0,2,2,2
1276732800,0,2,1,0,2,2,2
1276819200,0,2,1,0,2,2,2
1276905600,0,2,1,0,2,2,2
1276992000,0,2,1,0,2,2,2
1277078400,0,2,1,0,2,2,2
1277164800,0,2,1,0,2,2,2
1277251200,0,2,1,0,2,2,2
1277337600,0,2,1,0,2,2,2
1277424000,0,2,1,0,2,2,2
1277510400,0,2,1,0,2,2,2
1277596800,0,2,1,0,2,2,2
1277683200,0,2,1,0,2,2,2
1277769600,0,2,1,0,2,2,2
1277856000,0,2,1,0,2,2,2
1277942400,0,2,1,0,2,2,2
1278028800,0,2,1,0,2,2,2
1278115200,0,2,1,0,2,2,2
1278201600,0,2,1,0,2,2,2
1278288000,0,2,1,0,2,2,2
1278374400,0,2,1,0,2,2,2
1278460800,0,2,1,0,2,2,2
1278547200,0,2,1,2,2,2,2
1278633600,0,2,1,0,2,2,2
1278720000,0,2,1,0,2,2,2
1278806400,0,2,1,0,2,2,2
1278892800,0,2,1,0,2,2,2
1278979200,0,2,1,0,2,2,2
1279065600,0,2,1,0,2,2,2
1279152000,0,2,1,0,2,2,2
1279238400,0,2,1,0,2,2,2
1279324800,0,2,1,0,2,2,2
1279411200,0,2,1,0,2,2,2
1279497600,0,2,1,0,2,2,2
1279584000,0,2,1,0,2,2,2
1279670400,0,2,1,0,2,2,2
1279756800,0,2,1,0,2,2,2
1279843200,0,2,1,0,2,2,2
1279929600,0,2,1,0,2,2,2
1280016000,0,2,1,0,2,2,2
1280102400,0,2,1,0,2,2,2
1280188800,0,2,1,0,2,2,2
1280275200,0,2,1,0,2,2,2
1280361600,0,2,1,0,2,2,2
1280448000,0,2,1,0,2,2,2
1280534400,0,2,1,0,2,2,2
1280620800,0,2,1,0,2,2,2
1280707200,0,2,1,0,2,2,2
1280793600,0,2,1,0,2,2,2
1280880000,0,2,1,0,2,2,2
1280966400,0,2,1,0,2,2,2
1281052800,0,2,1,0,2,2,2
1281139200,0,2,1,0,2,2,2
1281225600,0,2,1,0,2,2,2
1281312000,0,2,1,0,2,2,2
1281398400,0,2,1,0,2,2,2
1281484800,0,2,1,0,2,2,2
1281571200,0,2,1,0,2,2,2
1281657600,0,2,1,0,2,2,2
1281744000,0,2,1,0,2,2,2
1281830400,0,2,1,0,2,2,2
1281916800,0,2,1,0,2,2,2
1282003200,0,2,1,0,2,2,2
1282089600,0,2,1,0,2,2,2
1282176000,0,2,1,0,2,2,2
1282262400,0,2,1,0,2,2,2
1282348800,0,2,1,0,2,2,2
1282435200,0,2,1,0,2,2,2
1282521600,0,2,1,0,2,2,2
1282608000,0,2,1,0,2,2,2
1282694400,0,2,1,0,2,2,2
1282780800,0,2,1,0,2,2,2
1282867200,0,2,1,0,2,2,2
1282953600,0,2,1,0,2,2,2
1283040000,0,2,1,0,2,2,2
1283126400,0,2,1,0,2,2,2
1283212800,0,2,1,0,2,2,2
1283299200,0,2,1,0,2,2,2
1283385600,0,2,1,0,2,2,2
1283472000,0,2,1,0,2,2,2
1283558400,0,2,1,0,2,2,2
1283644800,0,2,1,0,2,2,2
1283731200,0,2,1,0,2,2,2
1283817600,0,2,1,0,2,2,2
1283904000,0,2,1,0,2,2,2
1283990400,0,2,1,0,2,2,2
1284076800,0,2,1,0,2,2,2
1284163200,0,2,1,0,2,2,2
1284249600,0,2,1,0,2,2,2
1284336000,0,2,1,0,2,2,2
1284422400,0,2,1,0,2,2,2
1284508800,0,2,1,0,2,2,2
1284595200,0,2,1,0,2,2,2
1284681600,0,2,1,0,2,2,2
1284768000,0,2,1,0,2,2,2
1284854400,0,2,1,0,2,2,2
1284940800,0,2,1,0,2,2,2
1285027200,0,2,1,0,2,2,2
1285113600,0,2,1,0,2,2,2
1285200000,0,2,1,0,2,2,2
1285286400,0,2,1,0,2,2,2
1285372800,0,2,1,0,2,2,2
1285459200,0,2,1,0,2,2,2
1285545600,0,2,1,0,2,2,2
1285632000,0,2,1,0,2,2,2
1285718400,0,2,1,0,2,2,2
1285804800,0,2,1,0,2,2,2
1285891200,0,2,1,0,2,2,2
1285977600,0,2,1,0,2,2,2
1286064000,0,2,1,0,2,2,2
1286150400,0,2,1,0,2,2,2
1286236800,0,2,1,0,2,2,2
1286323200,0,2,1,0,2,2,2
1286409600,0,2,1,0,2,2,2
1286496000,0,2,1,0,2,2,2
1286582400,0,2,1,0,2,2,2
1286668800,0,2,1,0,2,2,2
1286755200,0,2,1,0,2,2,2
1286841600,0,2,1,0,2,2,2
1286928000,0,2,1,0,2,2,2
1287014400,0,2,1,0,2,2,2
1287100800,0,2,1,0,2,2,2
1287187200,0,2,1,0,2,2,2
1287273600,0,2,1,0,2,2,2
1287360000,0,2,1,0,2,2,2
1287446400,0,2,1,0,2,2,2
1287532800,0,2,1,0,2,2,2
1287619200,0,2,1,0,2,2,2
1287705600,0,2,1,0,2,2,2
1287792000,0,2,1,0,2,2,2
1287878400,0,2,1,0,2,2,2
1287964800,0,2,1,0,2,2,2
1288051200,0,2,1,0,2,2,2
1288137600,0,2,1,0,2,2,2
1288224000,0,2,1,0,2,2,2
1288310400,0,2,1,0,2,2,2
1288396800,0,2,1,0,2,2,2
1288483200,0,2,1,0,2,2,2
1288569600,0,2,1,0,2,2,2
1288656000,0,2,1,0,2,2,2
1288742400,0,2,1,0,2,2,2
1288828800,0,2,1,0,2,2,2
1288915200,0,2,1,0,2,2,2
1289001600,0,2,1,0,2,2,2
1289088000,0,2,1,0,2,2,2
1289174400,0,2,1,0,2,2,2
1289260800,0,2,1,0,2,2,2
1289347200,0,2,1,0,2,2,2
1289433600,0,2,1,0,2,2,2
1289520000,0,2,1,0,2,2,2
1289606400,0,2,1,0,2,2,2
1289692800,0,2,1,0,2,2,2
1289779200,0,2,1,0,2,2,2
1289865600,0,2,1,0,2,2,2
1289952000,0,2,1,0,2,2,2
1290038400,0,2,1,0,2,2,2
1290124800,0,2,1,0,2,2,2
1290211200,0,2,1,0,2,2,2
1290297600,0,2,1,0,2,2,2
1290384000,0,2,1,0,2,2,2
1290470400,0,2,1,0,2,2,2
1290556800,0,2,1,0,2,2,2
1290643200,0,2,1,0,2,2,2
1290729600,0,2,1,0,2,2,2
1290816000,0,2,1,0,2,2,2
1290902400,0,2,1,0,2,2,2
1290988800,0,2,1,0,2,2,2
1291075200,0,2,1,0,2,2,2
1291161600,0,2,1,0,2,2,2
1291248000,0,2,1,0,2,2,2
1291334400,0,2,1,0,2,2,2
1291420800,0,2,1,0,2,2,2
1291507200,0,2,1,0,2,2,2
1291593600,0,2,1,0,2,2,2
1291680000,0,2,1,0,2,2,2
1291766400,0,2,1,0,2,2,2
1291852800,0,2,1,0,2,2,2
1291939200,0,2,1,0,2,2,2
1292025600,0,2,1,0,2,2,2
1292112000,0,2,1,0,2,2,2
1292198400,0,2,1,0,2,2,2
1292284800,0,2,1,0,2,2,2
1292371200,0,2,1,0,2,2,2
1292457600,0,2,1,0,2,2,2
1292544000,0,2,1,0,2,2,2
1292630400,0,2,1,0,2,2,2
1292716800,0,2,1,0,2,2,2
1292803200,0,2,1,0,2,2,2
1292889600,0,2,1,0,2,2,2
1292976000,0,2,1,0,2,2,2
1293062400,0,2,1,0,2,2,2
1293148800,0,2,1,0,2,2,2
1293235200,0,2,1,0,2,2,2
1293321600,0,2,1,0,2,2,2
1293408000,0,2,1,0,2,2,2
1293494400,0,2,1,0,2,2,2
1293580800,0,2,1,0,2,2,2
1293667200,0,2,1,0,2,2,2
1293753600,0,2,1,0,2,2,2
1293840000,0,2,1,0,2,2,2
1293926400,0,2,1,0,2,2,2
1294012800,0,2,1,0,2,2,2
1294099200,0,2,1,0,2,2,2
1294185600,0,2,1,0,2,2,2
1294272000,0,2,1,0,2,2,2
1294358400,0,2,1,0,2,2,2
1294444800,0,2,1,0,2,2,2
1294531200,0,2,1,0,2,2,2
1294617600,0,2,1,0,2,2,2
1294704000,0,2,1,0,2,2,2
1294790400,0,2,1,0,2,2,2
1294876800,0,2,1,0,2,2,2
1294963200,0,2,1,0,2,2,2
1295049600,0,2,1,0,2,2,2
1295136000,0,2,1,0,2,2,2
1295222400,0,2,1,0,2,2,2
1295308800,0,2,1,0,2,2,2
1295395200,0,2,1,0,2,2,2
1295481600,0,2,1,0,2,2,2
1295568000,0,2,1,0,2,2,2
1295654400,0,2,1,0,2,2,2
1295740800,0,2,1,0,2,2,2
1295827200,0,2,1,0,2,2,2
1295913600,0,2,1,0,2,2,2
1296086400,0,2,1,0,2,2,2
1296172800,0,2,1,0,2,2,2
1296259200,0,2,1,0,2,2,2
1296345600,0,2,1,0,2,2,2
1296432000,0,2,1,0,2,2,2
1296518400,0,2,1,0,2,2,2
1296604800,0,2,1,0,2,2,2
1296691200,0,2,1,0,2,2,2
1296777600,0,2,1,0,2,2,2
1296864000,0,2,1,0,2,2,2
1296950400,0,2,1,0,2,2,2
1297036800,0,2,1,0,2,2,2
1297123200,0,2,1,0,2,2,2
1297209600,0,2,1,0,2,2,2
1297296000,0,2,1,0,2,2,2
1297382400,0,2,1,0,2,2,2
1297468800,0,2,1,0,2,2,2
1297555200,0,2,1,0,2,2,2
1297641600,0,2,1,2,2,2,2
1297728000,0,2,1,2,2,2,2
1297814400,0,2,1,2,2,2,2
1297900800,0,2,1,2,2,2,2
1297987200,0,2,1,0,2,2,2
1298073600,0,2,1,0,2,2,2
1298160000,0,2,1,0,2,2,2
1298246400,0,2,1,0,2,2,2
1298332800,0,2,1,0,2,2,2
1298419200,0,2,1,0,2,2,2
1298505600,0,2,1,0,2,2,2
1298592000,0,2,1,0,2,2,2
1298678400,0,2,1,0,2,2,2
1298764800,0,2,1,0,2,2,2
1298851200,0,2,1,0,2,2,2
1298937600,0,2,1,0,2,2,2
1299024000,0,2,1,1,2,2,2
1299110400,0,2,1,1,2,2,2
1299196800,0,2,1,1,2,2,2
1299283200,0,2,1,1,2,2,2
1299369600,0,3,2,3,2,3,3
1299456000,0,3,2,3,3,3,3
1299542400,0,2,1,3,2,2,3
1299628800,0,2,1,2,3,2,3
1299715200,0,2,1,0,2,2,2
1299801600,0,2,1,0,2,2,2
1299888000,0,2,1,0,2,2,2
1299974400,0,2,1,0,2,2,2
1300060800,0,2,1,0,2,2,2
1300147200,0,2,1,0,2,2,2
1300233600,0,2,1,0,2,2,2
1300320000,0,2,1,0,2,2,2
1300406400,0,2,1,0,2,2,2
1300492800,0,2,1,0,2,2,2
1300579200,0,2,1,0,2,2,2
1300665600,0,2,1,0,2,2,2
1300752000,0,2,1,0,2,2,2
1300838400,0,2,1,0,2,2,2
1300924800,0,2,1,0,2,2,2
1301011200,0,2,1,0,2,2,2
1301097600,0,2,1,0,2,2,2
1301184000,0,2,1,0,2,2,2
1301270400,0,2,1,0,2,2,2
1301356800,0,2,1,0,2,2,2
1301443200,0,2,1,0,2,2,2
1301529600,0,2,1,0,2,2,2
1301616000,0,2,1,0,2,2,2
1301788800,0,2,1,0,2,2,2
1301875200,0,2,1,0,2,2,2
1301961600,0,2,1,0,2,2,2
1302048000,0,2,1,0,2,2,2
1302134400,0,2,1,0,2,2,2
1302220800,0,2,1,0,2,2,2
1302307200,0,2,1,0,2,2,2
1302393600,0,2,1,0,2,2,2
1302480000,0,2,1,0,2,2,2
1302566400,0,2,1,0,2,2,2
1302652800,0,2,1,0,2,2,2
1302739200,0,2,1,0,2,2,2
1302825600,0,2,1,0,2,2,2
1302912000,0,2,1,0,2,2,2
1302998400,0,2,1,0,2,2,2
1303084800,0,2,1,0,2,2,2
1303171200,0,2,1,0,2,2,2
1303257600,0,2,1,0,2,2,2
1303344000,0,2,1,0,2,2,2
1303430400,0,2,1,0,2,2,2
1303516800,0,2,1,0,2,2,2
1303603200,0,2,1,0,2,2,2
1303689600,0,2,1,0,2,2,2
1303776000,0,2,1,0,2,2,2
1303862400,0,2,1,0,2,2,2
1303948800,0,2,1,0,2,2,2
1304035200,0,2,1,0,2,2,2
1304121600,0,2,1,0,2,2,2
1304208000,0,2,1,0,2,2,2
1304294400,0,2,1,0,2,2,2
1304380800,0,2,1,0,2,2,2
1304467200,0,2,1,0,2,2,2
1304553600,0,2,1,0,2,2,2
1304640000,0,2,1,0,2,2,2
1304726400,0,2,1,0,2,2,2
1304812800,0,2,1,0,2,2,2
1304899200,0,2,1,0,2,2,2
1304985600,0,2,1,0,2,2,2
1305072000,0,2,1,0,2,2,2
1305158400,0,2,1,0,2,2,2
1305244800,0,2,1,0,2,2,2
1305331200,0,2,1,0,2,2,2
1305417600,0,2,1,0,2,2,2
1305504000,0,2,1,0,2,2,2
1305590400,0,2,1,0,2,2,2
1305676800,0,2,1,0,2,2,2
1305763200,0,2,1,0,2,2,2
1305849600,0,2,1,0,2,2,2
1305936000,0,2,1,0,2,2,2
1306022400,0,2,1,0,2,2,2
1306108800,0,2,1,0,2,2,2
1306195200,0,2,1,0,2,2,2
1306281600,0,2,1,0,2,2,2
1306368000,0,2,1,0,2,2,2
1306454400,0,2,1,0,2,2,2
1306540800,0,2,1,0,2,2,2
1306627200,0,2,1,0,2,2,2
1306713600,0,2,1,0,2,2,2
1306800000,0,2,1,0,2,2,2
1306886400,0,2,1,0,2,2,2
1306972800,0,2,1,0,2,2,2
1307059200,0,2,1,0,2,2,2
1307145600,0,2,1,0,2,2,2
1307232000,0,2,1,0,2,2,2
1307318400,0,2,1,0,2,2,2
1307404800,0,2,1,0,2,2,2
1307491200,0,2,1,0,2,2,2
1307577600,0,2,1,0,2,2,2
1307664000,0,2,1,0,2,2,2
1307750400,0,2,1,0,2,2,2
1307836800,0,2,1,0,2,2,2
1307923200,0,2,1,0,2,2,2
1308009600,0,2,1,0,2,2,2
1308096000,0,2,1,0,2,2,2
1308182400,0,2,1,0,2,2,2
1308268800,0,2,1,0,2,2,2
1308355200,0,2,1,0,2,2,2
1308441600,0,2,1,0,2,2,2
1308528000,0,2,1,0,2,2,2
1308614400,0,2,1,0,2,2,2
1308700800,0,2,1,0,2,2,2
1308787200,0,2,1,0,2,2,2
1308873600,0,2,1,0,2,2,2
1308960000,0,2,1,0,2,2,2
1309046400,0,2,1,0,2,2,2
1309132800,0,2,1,0,2,2,2
1309219200,0,2,1,0,2,2,2
1309305600,0,2,1,0,2,2,2
1309392000,0,2,1,0,2,2,2
1309478400,0,2,1,0,2,2,2
1309564800,0,2,1,0,2,2,2
1309651200,0,2,1,0,2,2,2
1309737600,0,2,1,0,2,2,2
1309824000,0,2,1,0,2,2,2
1309910400,0,2,1,0,2,2,2
1309996800,0,2,1,0,2,2,2
1310083200,0,2,1,0,2,2,2
1310169600,0,2,1,0,2,2,2
1310256000,0,2,1,1,2,2,2
1310342400,0,2,1,1,2,2,2
1310428800,0,2,1,1,2,2,2
1310515200,0,2,1,1,2,2,2
1310601600,0,2,1,1,2,2,2
1310688000,0,2,1,0,2,2,2
1310774400,0,2,1,1,2,2,2
1310860800,0,2,1,0,2,2,2
1310947200,0,2,1,0,2,2,2
1311033600,0,2,1,0,2,2,2
1311120000,0,2,1,0,2,2,2
1311206400,0,2,1,0,2,2,2
1311292800,0,2,1,0,2,2,2
1311379200,0,2,1,0,2,2,2
1311465600,0,2,1,0,2,2,2
1311552000,0,2,1,0,2,2,2
1311638400,0,2,1,0,2,2,2
1311724800,0,2,1,0,2,2,2
1311811200,0,2,1,0,2,2,2
1311897600,0,2,1,0,2,2,2
1311984000,0,2,1,1,2,2,2
1312070400,0,2,1,1,2,2,2
1312156800,0,2,1,1,2,2,2
1312243200,0,2,1,1,2,2,2
1312329600,0,2,1,0,2,2,2
1312416000,0,2,1,0,2,2,2
1312502400,0,2,1,0,2,2,2
1312588800,0,2,1,0,2,2,2
1312675200,0,2,1,0,2,2,2
1312761600,0,2,1,0,2,2,2
1312848000,0,2,1,0,2,2,2
1312934400,0,2,1,0,2,2,2
1313020800,0,2,1,0,2,2,2
1313107200,0,2,1,0,2,2,2
1313193600,0,2,1,0,2,2,2
1313280000,0,2,1,0,2,2,2
1313366400,0,2,1,0,2,2,2
1313452800,0,2,1,0,2,2,2
1313539200,0,2,1,0,2,2,2
1313625600,0,2,1,0,2,2,2
1313712000,0,2,1,0,2,2,2
1313798400,0,2,1,0,2,2,2
1313884800,0,2,1,0,2,2,2
1313971200,0,2,1,0,2,2,2
1314057600,0,2,1,0,2,2,2
1314144000,0,2,1,0,2,2,2
1314230400,0,2,1,0,2,2,2
1314316800,0,2,1,0,2,2,2
1314403200,0,2,1,0,2,2,2
1314489600,0,2,1,0,2,2,2
1314576000,0,2,1,0,2,2,2
1314662400,0,2,1,0,2,2,2
1314748800,0,2,1,0,2,2,2
1314835200,0,2,1,0,2,2,2
1314921600,0,2,1,0,2,2,2
1315008000,0,2,1,0,2,2,2
1315094400,0,2,1,0,2,2,2
1315180800,0,2,1,0,2,2,2
1315267200,0,2,1,0,2,2,2
1315353600,0,2,1,0,2,2,2
1315440000,0,2,1,0,2,2,2
1315526400,0,2,1,0,2,2,2
1315612800,0,2,1,0,2,2,2
1315699200,0,2,1,0,2,2,2
1315785600,0,2,1,0,2,2,2
1315872000,0,2,1,0,2,2,2
1315958400,0,2,1,0,2,2,2
1316044800,0,2,1,0,2,2,2
1316131200,0,2,1,0,2,2,2
1316217600,0,2,1,0,2,2,2
1316304000,0,2,1,0,2,2,2
1316390400,0,2,1,0,2,2,2
1316476800,0,2,1,0,2,2,2
1316563200,0,2,1,0,2,2,2
1316649600,0,2,1,0,2,2,2
1316736000,0,2,1,0,2,2,2
1316822400,0,2,1,0,2,2,2
1316908800,0,2,1,0,2,2,2
1316995200,0,2,1,0,2,2,2
1317081600,0,2,1,0,2,2,2
1317168000,0,2,1,0,2,2,2
1317254400,0,2,1,0,2,2,2
1317340800,0,2,1,0,2,2,2
1317427200,0,2,1,0,2,2,2
1317513600,0,2,1,0,2,2,2
1317600000,0,2,1,0,2,2,2
1317686400,0,2,1,0,2,2,2
1317772800,0,2,1,0,2,2,2
1317859200,0,2,1,0,2,2,2
1317945600,0,2,1,0,2,2,2
1318032000,0,2,1,0,2,2,2
1318118400,0,2,1,0,2,2,2
1318204800,0,2,1,0,2,2,2
1318291200,0,2,1,0,2,2,2
1318377600,0,2,1,0,2,2,2
1318464000,0,2,1,0,2,2,2
1318550400,0,2,1,0,2,2,2
1318636800,0,2,1,0,2,2,2
1318723200,0,2,1,0,2,2,2
1318809600,0,2,1,0,2,2,2
1318896000,0,2,1,0,2,2,2
1318982400,0,2,1,0,2,2,2
1319068800,0,2,1,0,2,2,2
1319155200,0,2,1,0,2,2,2
1319241600,0,2,1,0,2,2,2
1319328000,0,2,1,0,2,2,2
1319414400,0,2,1,0,2,2,2
1319500800,0,2,1,0,2,2,2
1319587200,0,2,1,0,2,2,2
1319673600,0,2,1,0,2,2,2
1319760000,0,2,1,0,2,2,2
1319846400,0,2,1,0,2,2,2
1319932800,0,2,1,0,2,2,2
1320019200,0,2,1,0,2,2,2
1320105600,0,2,1,0,2,2,2
1320192000,0,2,1,0,2,2,2
1320278400,0,2,1,0,2,2,2
1320364800,0,2,1,0,2,2,2
1320451200,0,2,1,0,2,2,2
1320537600,0,2,1,0,2,2,2
1320624000,0,2,1,0,2,2,2
1320710400,0,2,1,0,2,2,2
1320796800,0,2,1,0,2,2,2
1320883200,0,2,1,0,2,2,2
1320969600,0,2,1,0,2,2,2
1321142400,0,2,1,0,2,2,2
1321228800,0,2,1,0,2,2,2
1321315200,0,2,1,0,2,2,2
1321401600,0,2,1,0,2,2,2
1321488000,0,2,1,0,2,2,2
1321574400,0,2,1,0,2,2,2
1321660800,0,2,1,0,2,2,2
1321747200,0,2,1,0,2,2,2
1321833600,0,2,1,0,2,2,2
1321920000,0,2,1,0,2,2,2
1322006400,0,2,1,0,2,2,2
1322092800,0,2,1,0,2,2,2
1322179200,0,2,1,0,2,2,2
1322265600,0,2,1,0,2,2,2
1322352000,0,2,1,0,2,2,2
1322438400,0,2,1,0,2,2,2
1322524800,0,2,1,0,2,2,2
1322611200,0,2,1,0,2,2,2
1322697600,0,2,1,0,2,2,2
1322784000,0,2,1,0,2,2,2
1322870400,0,2,1,0,2,2,2
1322956800,0,2,1,0,2,2,2
1323043200,0,2,1,0,2,2,2
1323129600,0,2,1,0,2,2,2
1323216000,0,2,1,0,2,2,2
1323302400,0,2,1,0,2,2,2
1323388800,0,2,1,0,2,2,2
1323475200,0,2,1,0,2,2,2
1323561600,0,2,1,0,2,2,2
1323648000,0,2,1,0,2,2,2
1323734400,0,2,1,0,2,2,2
1323820800,0,2,1,0,2,2,2
1323907200,0,2,1,0,2,2,2
1323993600,0,2,1,0,2,2,2
1324080000,0,2,1,0,2,2,2
1324166400,0,2,1,0,2,2,2
1324252800,0,2,1,0,2,2,2
1324339200,0,2,1,0,2,2,2
1324425600,0,2,1,0,2,2,2
1324512000,0,2,1,0,2,2,2
1324598400,0,2,1,0,2,2,2
1324684800,0,2,1,0,2,2,2
1324771200,0,2,1,0,2,2,2
1324857600,0,2,1,0,2,2,2
1324944000,0,2,1,0,2,2,2
1325030400,0,2,1,0,2,2,2
1325116800,0,2,1,0,2,2,2
1325203200,0,2,1,0,2,2,2
1325289600,0,2,1,0,2,2,2
1325376000,0,2,1,0,2,2,2
1325462400,0,2,1,0,2,2,2
1325548800,0,2,1,0,2,2,2
1325635200,0,2,1,0,2,2,2
1325721600,0,2,1,0,2,2,2
1325808000,0,2,1,0,2,2,2
1325894400,0,2,1,0,2,2,2
1325980800,0,2,1,0,2,2,2
1326067200,0,2,1,0,2,2,2
1326153600,0,2,1,0,2,2,2
1326240000,0,2,1,0,2,2,2
1326326400,0,2,1,0,2,2,2
1326412800,0,2,1,0,2,2,2
1326499200,0,2,1,0,2,2,2
1326585600,0,2,1,0,2,2,2
1326672000,0,2,1,0,2,2,2
1326758400,0,2,1,0,2,2,2
1326844800,0,2,1,0,2,2,2
1326931200,0,2,1,0,2,2,2
1327017600,0,2,1,0,2,2,2
1327104000,0,2,1,0,2,2,2
1327190400,0,2,1,0,2,2,2
1327276800,0,2,1,0,2,2,2
1327363200,0,2,1,0,2,2,2
1327449600,0,2,1,0,2,2,2
1327536000,0,2,1,0,2,2,2
1327622400,0,2,1,0,2,2,2
1327708800,0,2,1,0,2,2,2
1327795200,0,2,1,0,2,2,2
1327881600,0,2,1,0,2,2,2
1327968000,0,2,1,0,2,2,2
1328054400,0,2,1,0,2,2,2
1328140800,0,2,1,0,2,2,2
1328227200,0,2,1,0,2,2,2
1328313600,0,2,1,0,2,2,2
1328400000,0,2,1,0,2,2,2
1328486400,0,2,1,0,2,2,2
1328572800,0,2,1,0,2,2,2
1328659200,0,2,1,0,2,2,2
1328745600,0,2,1,0,2,2,2
1328832000,0,2,1,0,2,2,2
1328918400,0,2,1,0,2,2,2
1329004800,0,2,1,0,2,2,2
1329091200,0,2,1,0,2,2,2
1329177600,0,2,1,0,2,2,2
1329264000,0,2,1,0,2,2,2
1329350400,0,2,1,0,2,2,2
1329436800,0,2,1,0,2,2,2
1329523200,0,2,1,0,2,2,2
1329609600,0,2,1,0,2,2,2
1329696000,0,2,1,0,2,2,2
1329782400,0,2,1,0,2,2,2
1329868800,0,2,1,0,2,2,2
1329955200,0,2,1,0,2,2,2
1330041600,0,2,1,0,2,2,2
1330128000,0,2,1,0,2,2,2
1330214400,0,2,1,0,2,2,2
1330300800,0,2,1,0,2,2,2
1330387200,0,2,1,0,2,2,2
1330560000,0,2,1,0,2,2,2
1330646400,0,2,1,0,2,2,2
1330732800,0,2,1,0,2,2,2
1330819200,0,2,1,0,2,2,2
1330905600,0,2,1,0,2,2,2
1330992000,0,2,1,0,2,2,2
1331078400,0,2,1,0,2,2,2
1331164800,0,2,1,0,2,2,2
1331251200,0,2,1,0,2,2,2
1331337600,0,2,1,0,2,2,2
1331424000,0,2,1,0,2,2,2
1331510400,0,2,1,0,2,2,2
1331596800,0,2,1,0,2,2,2
1331683200,0,2,1,0,2,2,2
1331769600,0,2,1,0,2,2,2
1331856000,0,2,1,0,2,2,2
1331942400,0,2,1,0,2,2,2
1332028800,0,2,1,0,2,2,2
1332115200,0,2,1,0,2,2,2
1332201600,0,2,1,0,2,2,2
1332288000,0,2,1,0,2,2,2
1332374400,0,2,1,0,2,2,2
1332460800,0,2,1,0,2,2,2
1332547200,0,2,1,0,2,2,2
1332633600,0,2,1,0,2,2,2
1332720000,0,2,1,0,2,2,2
1332806400,0,2,1,0,2,2,2
1332892800,0,2,1,0,2,2,2
1332979200,0,2,1,0,2,2,2
1333065600,0,2,1,0,2,2,2
1333152000,0,2,1,0,2,2,2
1333238400,0,2,1,0,2,2,2
1333324800,0,2,1,0,2,2,2
1333411200,0,2,1,0,2,2,2
1333497600,0,2,1,0,2,2,2
1333584000,0,2,1,0,2,2,2
1333670400,0,2,1,0,2,2,2
1333756800,0,2,1,0,2,2,2
1333843200,0,2,1,0,2,2,2
1333929600,0,2,1,0,2,2,2
1334016000,0,2,1,0,2,2,2
1334102400,0,2,1,0,2,2,2
1334188800,0,2,1,0,2,2,2
1334275200,0,2,1,0,2,2,2
1334361600,0,2,1,0,2,2,2
1334448000,0,2,1,0,2,2,2
1334534400,0,2,1,0,2,2,2
1334620800,0,2,1,0,2,2,2
1334707200,0,2,1,0,2,2,2
1334793600,0,2,1,0,2,2,2
1334880000,0,2,1,0,2,2,2
1334966400,0,2,1,0,2,2,2
1335052800,0,2,1,0,2,2,2
1335139200,0,2,1,0,2,2,2
1335225600,0,2,1,0,2,2,2
1335312000,0,2,1,0,2,2,2
1335398400,0,2,1,0,2,2,2
1335484800,0,2,1,0,2,2,2
1335571200,0,2,1,0,2,2,2
1335657600,0,2,1,0,2,2,2
1335744000,0,2,1,0,2,2,2
1335830400,0,2,1,0,2,2,2
1335916800,0,2,1,0,2,2,2
1336003200,0,2,1,0,2,2,2
1336089600,0,2,1,0,2,2,2
1336176000,0,2,1,0,2,2,2
1336262400,0,2,1,0,2,2,2
1336348800,0,2,1,0,2,2,2
1336435200,0,2,1,0,2,2,2
1336521600,0,2,1,0,2,2,2
1336608000,0,2,1,0,2,2,2
1336694400,0,2,1,0,2,2,2
1336780800,0,2,1,0,2,2,2
1336867200,0,2,1,0,2,2,2
1336953600,0,2,1,0,2,2,2
1337040000,0,2,1,0,2,2,2
1337126400,0,2,1,0,2,2,2
1337212800,0,2,1,0,2,2,2
1337299200,0,2,1,0,2,2,2
1337385600,0,2,1,0,2,2,2
1337472000,0,2,1,0,2,2,2
1337558400,0,2,1,0,2,2,2
1337644800,0,2,1,0,2,2,2
1337731200,0,2,1,0,2,2,2
1337817600,0,2,1,0,2,2,2
1337904000,0,2,1,0,2,2,2
1337990400,0,2,1,0,2,2,2
1338076800,0,2,1,0,2,2,2
1338163200,0,2,1,0,2,2,2
1338249600,0,2,1,0,2,2,2
1338336000,0,2,1,0,2,2,2
1338422400,0,2,1,0,2,2,2
1338508800,0,2,1,0,2,2,2
1338595200,0,2,1,0,2,2,2
1338681600,0,2,1,0,2,2,2
1338768000,0,2,1,0,2,2,2
1338854400,0,2,1,0,2,2,2
1338940800,0,2,1,0,2,2,2
1339027200,0,2,1,0,2,2,2
1339113600,0,2,1,0,2,2,2
1339200000,0,2,1,0,2,2,2
1339286400,0,2,1,0,2,2,2
1339372800,0,2,1,0,2,2,2
1339459200,0,2,1,0,2,2,2
1339545600,0,2,1,0,2,2,2
1339632000,0,2,1,0,2,2,2
1339718400,0,2,1,0,2,2,2
1339804800,0,2,1,0,2,2,2
1339891200,0,2,1,0,2,2,2
1339977600,0,2,1,0,2,2,2
1340064000,0,2,1,0,2,2,2
1340150400,0,2,1,0,2,2,2
1340236800,0,2,1,0,2,2,2
1340323200,0,2,1,0,2,2,2
1340409600,0,2,1,0,2,2,2
1340496000,0,2,1,0,2,2,2
1340582400,0,2,1,0,2,2,2
1340668800,0,2,1,0,2,2,2
1340755200,0,2,1,0,2,2,2
1340841600,0,2,1,0,2,2,2
1340928000,0,2,1,0,2,2,2
1341014400,0,2,1,0,2,2,2
1341100800,0,2,1,0,2,2,2
1341187200,0,2,1,0,2,2,2
1341273600,0,2,1,0,2,2,2
1341360000,0,2,1,0,2,2,2
1341446400,0,2,1,0,2,2,2
1341532800,0,2,1,0,2,2,2
1341619200,0,2,1,0,2,2,2
1341705600,0,2,1,0,2,2,2
1341792000,0,2,1,0,2,2,2
1341878400,0,2,1,0,2,2,2
1341964800,0,2,1,0,2,2,2
1342051200,0,2,1,0,2,2,2
1342137600,0,2,1,0,2,2,2
1342224000,0,2,1,0,2,2,2
1342310400,0,2,1,0,2,2,2
1342396800,0,2,1,0,2,2,2
1342483200,0,2,1,0,2,2,2
1342569600,0,2,1,0,2,2,2
1342656000,0,2,1,0,2,2,2
1342742400,0,2,1,0,2,2,2
1342828800,0,2,1,0,2,2,2
1342915200,0,2,1,0,2,2,2
1343001600,0,2,1,0,2,2,2
1343088000,0,2,1,0,2,2,2
1343174400,0,2,1,0,2,2,2
1343260800,0,2,1,0,2,2,2
1343347200,0,2,1,0,2,2,2
1343433600,0,2,1,0,2,2,2
1343520000,0,2,1,0,2,2,2
1343606400,0,2,1,0,2,2,2
1343692800,0,2,1,0,2,2,2
1343779200,0,2,1,0,2,2,2
1343865600,0,2,1,0,2,2,2
1343952000,0,2,1,0,2,2,2
1344038400,0,2,1,0,2,2,2
1344124800,0,2,1,0,2,2,2
1344211200,0,2,1,0,2,2,2
1344297600,0,2,1,0,2,2,2
1344384000,0,2,1,0,2,2,2
1344470400,0,2,1,0,2,2,2
1344556800,0,2,1,0,2,2,2
1344643200,0,2,1,0,2,2,2
1344729600,0,2,1,0,2,2,2
1344816000,0,2,1,0,2,2,2
1344902400,0,2,1,0,2,2,2
1344988800,0,2,1,0,2,2,2
1345075200,0,2,1,0,2,2,2
1345161600,0,2,1,0,2,2,2
1345248000,0,2,1,0,2,2,2
1345334400,0,2,1,0,2,2,2
1345420800,0,2,1,0,2,2,2
1345507200,0,2,1,0,2,2,2
1345593600,0,2,1,0,2,2,2
1345680000,0,2,1,0,2,2,2
1345766400,0,2,1,0,2,2,2
1345852800,0,2,1,0,2,2,2
1345939200,0,2,1,0,2,2,2
1346025600,0,2,1,0,2,2,2
1346112000,0,2,1,0,2,2,2
1346198400,0,2,1,0,2,2,2
1346284800,0,2,1,0,2,2,2
1346371200,0,2,1,0,2,2,2
1346457600,0,2,1,0,2,2,2
1346544000,0,2,1,0,2,2,2
1346630400,0,2,1,0,2,2,2
1346716800,0,2,1,0,2,2,2
1346803200,0,2,1,0,2,2,2
1346889600,0,2,1,0,2,2,2
1346976000,0,2,1,0,2,2,2
1347062400,0,2,1,0,2,2,2
1347148800,0,2,1,0,2,2,2
1347235200,0,2,1,0,2,2,2
1347321600,0,2,1,0,2,2,2
1347408000,0,2,1,0,2,2,2
1347494400,0,2,1,0,2,2,2
1347580800,0,2,1,0,2,2,2
1347667200,0,2,1,0,2,2,2
1347753600,0,2,1,0,2,2,2
1347840000,0,2,1,0,2,2,2
1347926400,0,2,1,0,2,2,2
1348012800,0,2,1,0,2,2,2
1348099200,0,2,1,0,2,2,2
1348185600,0,2,1,0,2,2,2
1348272000,0,2,1,0,2,2,2
1348358400,0,2,1,0,2,2,2
1348444800,0,2,1,0,2,2,2
1348531200,0,2,1,0,2,2,2
1348617600,0,2,1,0,2,2,2
1348704000,0,2,1,0,2,2,2
1348790400,0,2,1,0,2,2,2
1348876800,0,2,1,0,2,2,2
1348963200,0,2,1,0,2,2,2
1349049600,0,2,1,0,2,2,2
1349136000,0,2,1,0,2,2,2
1349222400,0,2,1,0,2,2,2
1349308800,0,2,1,0,2,2,2
1349395200,0,2,1,0,2,2,2
1349481600,0,2,1,0,2,2,2
1349568000,0,2,1,0,2,2,2
1349654400,0,2,1,0,2,2,2
1349740800,0,2,1,0,2,2,2
1349827200,0,2,1,0,2,2,2
1349913600,0,2,1,0,2,2,2
1350000000,0,2,1,0,2,2,2
1350086400,0,2,1,0,2,2,2
1350172800,0,2,1,0,2,2,2
1350259200,0,2,1,0,2,2,2
1350345600,0,2,1,0,2,2,2
1350432000,0,2,1,0,2,2,2
1350518400,0,2,1,0,2,2,2
1350604800,0,2,1,0,2,2,2
1350691200,0,2,1,0,2,2,2
1350777600,0,2,1,0,2,2,2
1350864000,0,2,1,0,2,2,2
1350950400,0,2,1,0,2,2,2
1351036800,0,2,1,0,2,2,2
1351123200,0,2,1,0,2,2,2
1351209600,0,2,1,0,2,2,2
1351296000,0,2,1,0,2,2,2
1351382400,0,2,1,0,2,2,2
1351468800,0,2,1,0,2,2,2
1351555200,0,2,1,0,2,2,2
1351641600,0,2,1,0,2,2,2
1351728000,0,2,1,0,2,2,2
1351814400,0,2,1,0,2,2,2
1351900800,0,2,1,0,2,2,2
1351987200,0,2,1,0,2,2,2
1352073600,0,2,1,0,2,2,2
1352160000,0,2,1,0,2,2,2
1352246400,0,2,1,0,2,2,2
1352332800,0,2,1,0,2,2,2
1352419200,0,2,1,0,2,2,2
1352505600,0,2,1,0,2,2,2
1352592000,0,2,1,0,2,2,2
1352678400,0,2,1,0,2,2,2
1352764800,0,2,1,0,2,2,2
1352851200,0,2,1,0,2,2,2
1352937600,0,2,1,0,2,2,2
1353024000,0,2,1,0,2,2,2
1353110400,0,2,1,0,2,2,2
1353196800,0,2,1,0,2,2,2
1353283200,0,2,1,0,2,2,2
1353369600,0,2,1,0,2,2,2
1353456000,0,2,1,0,2,2,2
1353542400,0,2,1,0,2,2,2
1353628800,0,2,1,0,2,2,2
1353715200,0,2,1,0,2,2,2
1353801600,0,2,1,0,2,2,2
1353888000,0,2,1,0,2,2,2
1353974400,0,2,1,0,2,2,2
1354060800,0,2,1,0,2,2,2
1354147200,0,2,1,0,2,2,2
1354233600,0,2,1,0,2,2,2
1354320000,0,2,1,0,2,2,2
1354406400,0,2,1,0,2,2,2
1354492800,0,2,1,0,2,2,2
1354579200,0,2,1,0,2,2,2
1354665600,0,2,1,0,2,2,2
1354752000,0,2,1,0,2,2,2
1354838400,0,2,1,0,2,2,2
1354924800,0,2,1,0,2,2,2
1355011200,0,2,1,0,2,2,2
1355097600,0,2,1,0,2,2,2
1355184000,0,2,1,0,2,2,2
1355270400,0,2,1,0,2,2,2
1355356800,0,2,1,0,2,2,2
1355443200,0,2,1,0,2,2,2
1355529600,0,2,1,0,2,2,2
1355616000,0,2,1,0,2,2,2
1355702400,0,2,1,0,2,2,2
1355788800,0,2,1,0,2,2,2
1355875200,0,2,1,0,2,2,2
1355961600,0,2,1,0,2,2,2
1356048000,0,2,1,0,2,2,2
1356134400,0,2,1,0,2,2,2
1356220800,0,2,1,0,2,2,2
1356307200,0,2,1,0,2,2,2
1356393600,0,2,1,0,2,2,2
1356480000,0,2,1,0,2,2,2
1356566400,0,2,1,0,2,2,2
1356652800,0,2,1,0,2,2,2
1356739200,0,2,1,0,2,2,2
1356825600,0,2,1,0,2,2,2
1356912000,0,2,1,0,2,2,2
1356998400,0,2,1,0,2,2,2
1357084800,0,2,1,0,2,2,2
1357171200,0,2,1,0,2,2,2
1357257600,0,2,1,0,2,2,2
1357344000,0,2,1,0,2,2,2
1357430400,0,2,1,0,2,2,2
1357516800,0,2,1,0,2,2,2
1357603200,0,2,1,0,2,2,2
1357689600,0,2,1,0,2,2,2
1357776000,0,2,1,0,2,2,2
1357862400,0,2,1,0,2,2,2
1357948800,0,2,1,0,2,2,2
1358035200,0,2,1,0,2,2,2
1358121600,0,2,1,0,2,2,2
1358208000,0,2,1,0,2,2,2
1358294400,0,2,1,0,2,2,2
1358380800,0,2,1,0,2,2,2
1358467200,0,2,1,0,2,2,2
1358553600,0,2,1,0,2,2,2
1358640000,0,2,1,0,2,2,2
1358726400,0,2,1,0,2,2,2
1358812800,0,2,1,0,2,2,2
1358899200,0,2,1,0,2,2,2
1358985600,0,2,1,0,2,2,2
1359072000,0,2,1,0,2,2,2
1359158400,0,2,1,0,2,2,2
1359244800,0,2,1,0,2,2,2
1359331200,0,2,1,0,2,2,2
1359417600,0,2,1,0,2,2,2
1359504000,0,2,1,0,2,2,2
1359590400,0,2,1,0,2,2,2
1359676800,0,2,1,0,2,2,2
1359763200,0,2,1,0,2,2,2
1359849600,0,2,1,0,2,2,2
1359936000,0,2,1,0,2,2,2
1360022400,0,2,1,0,2,2,2
1360108800,0,2,1,0,2,2,2
1360195200,0,2,1,0,2,2,2
1360281600,0,2,1,0,2,2,2
1360368000,0,2,1,0,2,2,2
1360454400,0,2,1,0,2,2,2
1360540800,0,2,1,0,2,2,2
1360627200,0,2,1,0,2,2,2
1360713600,0,2,1,0,2,2,2
1360800000,0,2,1,0,2,2,2
1360886400,0,2,1,0,2,2,2
1360972800,0,2,1,0,2,2,2
1361059200,0,2,1,0,2,2,2
1361145600,0,2,1,0,2,2,2
1361232000,0,2,1,0,2,2,2
1361318400,0,2,1,0,2,2,2
1361404800,0,2,1,0,2,2,2
1361491200,0,2,1,0,2,2,2
1361577600,0,2,1,0,2,2,2
1361664000,0,2,1,0,2,2,2
1361750400,0,2,1,0,2,2,2
1361836800,0,2,1,0,2,2,2
1361923200,0,2,1,0,2,2,2
1362009600,0,2,1,0,2,2,2
1362096000,0,2,1,0,2,2,2
1362182400,0,2,1,0,2,2,2
1362268800,0,2,1,0,2,2,2
1362355200,0,2,1,0,2,2,2
1362441600,0,2,1,0,2,2,2
1362528000,0,2,1,0,2,2,2
1362614400,0,2,1,0,2,2,2
1362700800,0,2,1,0,2,2,2
1362787200,0,2,1,0,2,2,2
1362873600,0,2,1,0,2,2,2
1362960000,0,2,1,0,2,2,2
1363046400,0,2,1,0,2,2,2
1363132800,0,2,1,0,2,2,2
1363219200,0,2,1,0,2,2,2
1363305600,0,2,1,0,2,2,2
1363392000,0,2,1,0,2,2,2
1363478400,0,2,1,0,2,2,2
1363564800,0,2,1,0,2,2,2
1363651200,0,2,1,0,2,2,2
1363737600,0,2,1,0,2,2,2
1363824000,0,2,1,0,2,2,2
1363910400,0,2,1,0,2,2,2
1363996800,0,2,1,0,2,2,2
1364083200,0,2,1,0,2,2,2
1364169600,0,2,1,0,2,2,2
1364256000,0,2,1,0,2,2,2
1364342400,0,2,1,0,2,2,2
1364428800,0,2,1,0,2,2,2
1364515200,0,2,1,0,2,2,2
1364601600,0,2,1,0,2,2,2
1364688000,0,2,1,0,2,2,2
1364774400,0,2,1,0,2,2,2
1364860800,0,2,1,0,2,2,2
1364947200,0,2,1,0,2,2,2
1365033600,0,2,1,0,2,2,2
1365120000,0,2,1,0,2,2,2
1365206400,0,2,1,0,2,2,2
1365292800,0,2,1,0,2,2,2
1365379200,0,2,1,0,2,2,2
1365465600,0,2,1,0,2,2,2
1365552000,0,2,1,0,2,2,2
1365638400,0,2,1,0,2,2,2
1365724800,0,2,1,0,2,2,2
1365811200,0,2,1,0,2,2,2
1365897600,0,2,1,0,2,2,2
1365984000,0,2,1,0,2,2,2
1366070400,0,2,1,0,2,2,2
1366156800,0,2,1,0,2,2,2
1366243200,0,2,1,0,2,2,2
1366329600,0,2,1,0,2,2,2
1366416000,0,2,1,0,2,2,2
1366502400,0,2,1,0,2,2,2
1366588800,0,2,1,0,2,2,2
1366675200,0,2,1,0,2,2,2
1366761600,0,2,1,0,2,2,2
1366848000,0,2,1,0,2,2,2
1366934400,0,2,1,0,2,2,2
1367020800,0,2,1,0,2,2,2
1367107200,0,2,1,0,2,2,2
1367193600,0,2,1,0,2,2,2
1367280000,0,2,1,0,2,2,2
1367366400,0,2,1,0,2,2,2
1367452800,0,2,1,0,2,2,2
1367539200,0,2,1,0,2,2,2
1367625600,0,2,1,0,2,2,2
1367712000,0,2,1,0,2,2,2
1367798400,0,2,1,0,2,2,2
1367884800,0,2,1,0,2,2,2
1367971200,0,2,1,0,2,2,2
1368057600,0,2,1,0,2,2,2
1368144000,0,2,1,0,2,2,2
1368230400,0,2,1,0,2,2,2
1368316800,0,2,1,0,2,2,2
1368403200,0,2,1,0,2,2,2
1368489600,0,2,1,0,2,2,2
1368576000,0,2,1,0,2,2,2
1368662400,0,2,1,0,2,2,2
1368748800,0,2,1,0,2,2,2
1368835200,0,2,1,0,2,2,2
1368921600,0,2,1,0,2,2,2
1369008000,0,2,1,0,2,2,2
1369094400,0,2,1,0,2,2,2
1369180800,0,2,1,0,2,2,2
1369267200,0,2,1,0,2,2,2
1369353600,0,2,1,0,2,2,2
1369440000,0,2,1,0,2,2,2
1369526400,0,2,1,0,2,2,2
1369612800,0,2,1,0,2,2,2
1369699200,0,2,1,0,2,2,2
1369785600,0,2,1,0,2,2,2
1369872000,0,2,1,0,2,2,2
1369958400,0,2,1,0,2,2,2
1370044800,0,2,1,0,2,2,2
1370131200,0,2,1,0,2,2,2
1370217600,0,2,1,0,2,2,2
1370304000,0,2,1,0,2,2,2
1370390400,0,2,1,0,2,2,2
1370476800,0,2,1,0,2,2,2
1370563200,0,2,1,0,2,2,2
1370649600,0,2,1,0,2,2,2
1370736000,0,2,1,0,2,2,2
1370822400,0,2,1,0,2,2,2
1370908800,0,2,1,0,2,2,2
1370995200,0,2,1,0,2,2,2
1371081600,0,2,1,0,2,2,2
1371168000,0,2,1,0,2,2,2
1371254400,0,2,1,0,2,2,2
1371340800,0,2,1,0,2,2,2
1371427200,0,2,1,0,2,2,2
1371513600,0,2,1,0,2,2,2
1371600000,0,2,1,0,2,2,2
1371686400,0,2,1,0,2,2,2
1371772800,0,2,1,0,2,2,2
1371859200,0,2,1,0,2,2,2
1371945600,0,2,1,0,2,2,2
1372032000,0,2,1,0,2,2,2
1372118400,0,2,1,0,2,2,2
1372204800,0,2,1,0,2,2,2
1372291200,0,2,1,0,2,2,2
1372377600,0,2,1,0,2,2,2
1372464000,0,2,1,0,2,2,2
1372550400,0,2,1,0,2,2,2
1372636800,0,2,1,0,2,2,2
1372723200,0,2,1,0,2,2,2
1372809600,0,2,1,0,2,2,2
1372896000,0,2,1,0,2,2,2
1372982400,0,2,1,0,2,2,2
1373068800,0,2,1,0,2,2,2
1373155200,0,2,1,0,2,2,2
1373241600,0,2,1,0,2,2,2
1373328000,0,2,1,0,2,2,2
1373414400,0,2,1,0,2,2,2
1373500800,0,2,1,0,2,2,2
1373587200,0,2,1,0,2,2,2
1373673600,0,2,1,0,2,2,2
1373760000,0,2,1,0,2,2,2
1373846400,0,2,1,0,2,2,2
1373932800,0,2,1,0,2,2,2
1374019200,0,2,1,0,2,2,2
1374105600,0,2,1,0,2,2,2
1374192000,0,2,1,0,2,2,2
1374278400,0,2,1,0,2,2,2
1374364800,0,2,1,0,2,2,2
1374451200,0,2,1,0,2,2,2
1374537600,0,2,1,0,2,2,2
1374624000,0,2,1,0,2,2,2
1374710400,0,2,1,0,2,2,2
1374796800,0,2,1,0,2,2,2
1374883200,0,2,1,0,2,2,2
1374969600,0,2,1,0,2,2,2
1375056000,0,2,1,0,2,2,2
1375142400,0,2,1,0,2,2,2
1375228800,0,2,1,0,2,2,2
1375315200,0,2,1,0,2,2,2
1375401600,0,2,1,0,2,2,2
1375488000,0,2,1,0,2,2,2
1375574400,0,2,1,0,2,2,2
1375660800,0,2,1,0,2,2,2
1375747200,0,2,1,0,2,2,2
1375833600,0,2,1,0,2,2,2
1375920000,0,2,1,0,2,2,2
1376006400,0,2,1,0,2,2,2
1376092800,0,2,1,0,2,2,2
1376179200,0,2,1,0,2,2,2
1376265600,0,2,1,0,2,2,2
1376352000,0,2,1,0,2,2,2
1376438400,0,2,1,0,2,2,2
1376524800,0,2,1,0,2,2,2
1376611200,0,2,1,0,2,2,2
1376697600,0,2,1,0,2,2,2
1376784000,0,2,1,0,2,2,2
1376870400,0,2,1,0,2,2,2
1376956800,0,2,1,0,2,2,2
1377043200,0,2,1,0,2,2,2
1377129600,0,2,1,0,2,2,2
1377216000,0,2,1,0,2,2,2
1377302400,0,2,1,0,2,2,2
1377388800,0,2,1,0,2,2,2
1377475200,0,2,1,0,2,2,2
1377561600,0,2,1,0,2,2,2
1377648000,0,2,1,0,2,2,2
1377734400,0,2,1,0,2,2,2
1377820800,0,2,1,0,2,2,2
1377907200,0,2,1,0,2,2,2
1377993600,0,2,1,0,2,2,2
1378080000,0,2,1,0,2,2,2
1378166400,0,2,1,0,2,2,2
1378252800,0,2,1,0,2,2,2
1378339200,0,2,1,0,2,2,2
1378425600,0,2,1,0,2,2,2
1378512000,0,2,1,0,2,2,2
1378598400,0,2,1,0,2,2,2
1378684800,0,2,1,0,2,2,2
1378771200,0,2,1,0,2,2,2
1378857600,0,2,1,0,2,2,2
1378944000,0,2,1,0,2,2,2
1379030400,0,2,1,0,2,2,2
1379116800,0,2,1,0,2,2,2
1379203200,0,2,1,0,2,2,2
1379289600,0,2,1,0,2,2,2
1379376000,0,2,1,0,2,2,2
1379462400,0,2,1,0,2,2,2
1379548800,0,2,1,0,2,2,2
1379635200,0,2,1,0,2,2,2
1379721600,0,2,1,0,2,2,2
1379808000,0,2,1,0,2,2,2
1379894400,0,2,1,0,2,2,2
1379980800,0,2,1,0,2,2,2
1380067200,0,2,1,0,2,2,2
1380153600,0,2,1,0,2,2,2
1380240000,0,2,1,0,2,2,2
1380326400,0,2,1,0,2,2,2
1380412800,0,2,1,0,2,2,2
1380499200,0,2,1,0,2,2,2
1380585600,0,2,1,0,2,2,2
1380672000,0,2,1,0,2,2,2
1380758400,0,2,1,0,2,2,2
1380844800,0,2,1,0,2,2,2
1380931200,0,2,1,0,2,2,2
1381017600,0,2,1,0,2,2,2
1381104000,0,2,1,0,2,2,2
1381190400,0,2,1,0,2,2,2
1381276800,0,2,1,0,2,2,2
1381363200,0,2,1,0,2,2,2
1381449600,0,2,1,0,2,2,2
1381536000,0,2,1,0,2,2,2
1381622400,0,2,1,0,2,2,2
1381708800,0,2,1,0,2,2,2
1381795200,0,2,1,0,2,2,2
1381881600,0,2,1,0,2,2,2
1381968000,0,2,1,0,2,2,2
1382054400,0,2,1,0,2,2,2
1382140800,0,2,1,0,2,2,2
1382227200,0,2,1,0,2,2,2
1382313600,0,2,1,0,2,2,2
1382400000,0,2,1,0,2,2,2
1382486400,0,2,1,0,2,2,2
1382572800,0,2,1,0,2,2,2
1382659200,0,2,1,0,2,2,2
1382745600,0,2,1,0,2,2,2
1382832000,0,2,1,0,2,2,2
1382918400,0,2,1,0,2,2,2
1383004800,0,2,1,0,2,2,2
1383091200,0,2,1,0,2,2,2
1383177600,0,2,1,0,2,2,2
1383264000,0,2,1,0,2,2,2
1383350400,0,2,1,0,2,2,2
1383436800,0,2,1,0,2,2,2
1383523200,0,2,1,0,2,2,2
1383609600,0,2,1,0,2,2,2
1383696000,0,2,1,0,2,2,2
1383782400,0,2,1,0,2,2,2
1383868800,0,2,1,0,2,2,2
1383955200,0,2,1,0,2,2,2
1384041600,0,2,1,0,2,2,2
1384128000,0,2,1,0,2,2,2
1384214400,0,2,1,0,2,2,2
1384300800,0,2,1,0,2,2,2
1384387200,0,2,1,0,2,2,2
1384473600,0,2,1,0,2,2,2
1384560000,0,2,1,0,2,2,2
1384646400,0,2,1,0,2,2,2
1384732800,0,2,1,0,2,2,2
1384819200,0,2,1,0,2,2,2
1384905600,0,2,1,0,2,2,2
1384992000,0,2,1,0,2,2,2
1385078400,0,2,1,0,2,2,2
1385164800,0,2,1,0,2,2,2
1385251200,0,2,1,0,2,2,2
1385337600,0,2,1,0,2,2,2
1385424000,0,2,1,0,2,2,2
1385510400,0,2,1,0,2,2,2
1385596800,0,2,1,0,2,2,2
1385683200,0,2,1,0,2,2,2
1385769600,0,2,1,0,2,2,2
1385856000,0,2,1,0,2,2,2
1385942400,0,2,1,0,2,2,2
1386028800,0,2,1,0,2,2,2
1386115200,0,2,1,0,2,2,2
1386201600,0,2,1,0,2,2,2
1386288000,0,2,1,0,2,2,2
1386374400,0,2,1,0,2,2,2
1386460800,0,2,1,0,2,2,2
1386547200,0,2,1,0,2,2,2
1386633600,0,2,1,0,2,2,2
1386720000,0,2,1,0,2,2,2
1386806400,0,2,1,0,2,2,2
1386892800,0,2,1,0,2,2,2
1386979200,0,2,1,0,2,2,2
1387065600,0,2,1,0,2,2,2
1387152000,0,2,1,0,2,2,2
1387238400,0,2,1,0,2,2,2
1387324800,0,2,1,0,2,2,2
1387411200,0,2,1,0,2,2,2
1387497600,0,2,1,0,2,2,2
1387584000,0,2,1,0,2,2,2
1387670400,0,2,1,0,2,2,2
1387756800,0,2,1,0,2,2,2
1387843200,0,2,1,0,2,2,2
1387929600,0,2,1,0,2,2,2
1388016000,0,2,1,0,2,2,2
1388102400,0,2,1,0,2,2,2
1388188800,0,2,1,0,2,2,2
1388275200,0,2,1,0,2,2,2
1388361600,0,2,1,0,2,2,2
1388448000,0,2,1,0,2,2,2
1388534400,0,2,1,0,2,2,2
1388620800,0,2,1,0,2,2,2
1388707200,0,2,1,0,2,2,2
1388793600,0,2,1,0,2,2,2
1388880000,0,2,1,0,2,2,2
1388966400,0,2,1,0,2,2,2
1389052800,0,2,1,0,2,2,2
1389139200,0,2,1,0,2,2,2
1389225600,0,2,1,0,2,2,2
1389312000,0,2,1,0,2,2,2
1389398400,0,2,1,0,2,2,2
1389484800,0,2,1,0,2,2,2
1389571200,0,2,1,0,2,2,2
1389657600,0,2,1,0,2,2,2
1389744000,0,2,1,0,2,2,2
1389830400,0,2,1,0,2,2,2
1389916800,0,2,1,0,2,2,2
1390003200,0,2,1,0,2,2,2
1390089600,0,2,1,0,2,2,2
1390176000,0,2,1,0,2,2,2
1390262400,0,2,1,0,2,2,2
1390348800,0,2,1,0,2,2,2
1390435200,0,2,1,0,2,2,2
1390521600,0,2,1,0,2,2,2
1390608000,0,2,1,0,2,2,2
1390694400,0,2,1,0,2,2,2
1390780800,0,2,1,0,2,2,2
1390867200,0,2,1,0,2,2,2
1390953600,0,2,1,0,2,2,2
1391040000,0,2,1,0,2,2,2
1391126400,0,2,1,0,2,2,2
1391212800,0,2,1,0,2,2,2
1391299200,0,2,1,0,2,2,2
1391385600,0,2,1,0,2,2,2
1391472000,0,2,1,0,2,2,2
1391558400,0,2,1,0,2,2,2
1391644800,0,2,1,0,2,2,2
1391731200,0,2,1,0,2,2,2
1391817600,0,2,1,0,2,2,2
1391904000,0,2,1,0,2,2,2
1391990400,0,2,1,0,2,2,2
1392076800,0,2,1,0,2,2,2
1392163200,0,2,1,0,2,2,2
1392249600,0,2,1,0,2,2,2
1392336000,0,2,1,0,2,2,2
1392422400,0,2,1,0,2,2,2
1392508800,0,2,1,0,2,2,2
1392595200,0,2,1,0,2,2,2
1392681600,0,2,1,0,2,2,2
1392768000,0,2,1,0,2,2,2
1392854400,0,2,1,0,2,2,2
1392940800,0,2,1,0,2,2,2
1393027200,0,2,1,0,2,2,2
1393113600,0,2,1,0,2,2,2
1393200000,0,2,1,0,2,2,2
1393286400,0,2,1,0,2,2,2
1393372800,0,2,1,0,2,2,2
1393459200,0,2,1,0,2,2,2
1393545600,0,2,1,0,2,2,2
1393632000,0,2,1,0,2,2,2
1393718400,0,2,1,0,2,2,2
1393804800,0,2,1,0,2,2,2
1393891200,0,2,1,0,2,2,2
1393977600,0,2,1,0,2,2,2
1394064000,0,2,1,0,2,2,2
1394150400,0,2,1,0,2,2,2
1394236800,0,2,1,0,2,2,2
1394323200,0,2,1,0,2,2,2
1394409600,0,2,1,0,2,2,2
1394496000,0,2,1,0,2,2,2
1394582400,0,2,1,0,2,2,2
1394668800,0,2,1,0,2,2,2
1394755200,0,2,1,0,2,2,2
1394841600,0,2,1,0,2,2,2
1394928000,0,2,1,0,2,2,2
1395014400,0,2,1,0,2,2,2
1395100800,0,2,1,0,2,2,2
1395187200,0,2,1,0,2,2,2
1395273600,0,2,1,0,2,2,2
1395360000,0,2,1,0,2,2,2
1395446400,0,2,1,0,2,2,2
1395532800,0,2,1,0,2,2,2
1395619200,0,2,1,0,2,2,2
1395705600,0,2,1,0,2,2,2
1395792000,0,2,1,0,2,2,2
1395878400,0,2,1,0,2,2,2
1395964800,0,2,1,0,2,2,2
1396051200,0,2,1,0,2,2,2
1396137600,0,2,1,0,2,2,2
1396224000,0,2,1,0,2,2,2
1396310400,0,2,1,0,2,2,2
1396396800,0,2,1,0,2,2,2
1396483200,0,2,1,0,2,2,2
1396569600,0,2,1,0,2,2,2
1396656000,0,2,1,0,2,2,2
1396742400,0,2,1,0,2,2,2
1396828800,0,2,1,0,2,2,2
1396915200,0,2,1,0,2,2,2
1397001600,0,2,1,0,2,2,2
1397088000,0,2,1,0,2,2,2
1397174400,0,2,1,0,2,2,2
1397260800,0,2,1,0,2,2,2
1397347200,0,2,1,0,2,2,2
1397433600,0,2,1,0,2,2,2
1397520000,0,2,1,0,2,2,2
1397606400,0,2,1,0,2,2,2
1397692800,0,2,1,0,2,2,2
1397779200,0,2,1,0,2,2,2
1397865600,0,2,1,0,2,2,2
1397952000,0,2,1,0,2,2,2
1398038400,0,2,1,0,2,2,2
1398124800,0,2,1,0,2,2,2
1398211200,0,2,1,0,2,2,2
1398297600,0,2,1,0,2,2,2
1398384000,0,2,1,0,2,2,2
1398470400,0,2,1,0,2,2,2
1398556800,0,2,1,0,2,2,2
1398643200,0,2,1,0,2,2,2
1398729600,0,2,1,0,2,2,2
1398816000,0,2,1,0,2,2,2
1398902400,0,2,1,0,2,2,2
1398988800,0,2,1,0,2,2,2
1399075200,0,2,1,0,2,2,2
1399161600,0,2,1,0,2,2,2
1399248000,0,2,1,0,2,2,2
1399334400,0,2,1,0,2,2,2
1399420800,0,2,1,0,2,2,2
1399507200,0,2,1,0,2,2,2
1399593600,0,2,1,0,2,2,2
1399680000,0,2,1,0,2,2,2
1399766400,0,2,1,0,2,2,2
1399852800,0,2,1,0,2,2,2
1399939200,0,2,1,0,2,2,2
1400025600,0,2,1,0,2,2,2
1400112000,0,2,1,0,2,2,2
1400198400,0,2,1,0,2,2,2
1400284800,0,2,1,0,2,2,2
1400371200,0,2,1,0,2,2,2
1400457600,0,2,1,0,2,2,2
1400544000,0,2,1,0,2,2,2
1400630400,0,2,1,0,2,2,2
1400716800,0,2,1,0,2,2,2
1400803200,0,2,1,0,2,2,2
1400889600,0,2,1,0,2,2,2
1400976000,0,2,1,0,2,2,2
1401062400,0,2,1,0,2,2,2
1401148800,0,2,1,0,2,2,2
1401235200,0,2,1,0,2,2,2
1401321600,0,2,1,0,2,2,2
1401408000,0,2,1,0,2,2,2
1401494400,0,2,1,0,2,2,2
1401580800,0,2,1,0,2,2,2
1401667200,0,2,1,0,2,2,2
1401753600,0,2,1,0,2,2,2
1401840000,0,2,1,0,2,2,2
1401926400,0,2,1,0,2,2,2
1402012800,0,2,1,0,2,2,2
1402099200,0,2,1,0,2,2,2
1402185600,0,2,1,0,2,2,2
1402272000,0,2,1,0,2,2,2
1402358400,0,2,1,0,2,2,2
1402444800,0,2,1,0,2,2,2
1402531200,0,2,1,0,2,2,2
1402617600,0,2,1,0,2,2,2
1402704000,0,2,1,0,2,2,2
1402790400,0,2,1,0,2,2,2
1402876800,0,2,1,0,2,2,2
1402963200,0,2,1,0,2,2,2
1403049600,0,2,1,0,2,2,2
1403136000,0,2,1,0,2,2,2
1403222400,0,2,1,0,2,2,2
1403308800,0,2,1,0,2,2,2
1403395200,0,2,1,0,2,2,2
1403481600,0,2,1,0,2,2,2
1403568000,0,2,1,0,2,2,2
1403654400,0,2,1,0,2,2,2
1403740800,0,2,1,0,2,2,2
1403827200,0,2,1,0,2,2,2
1403913600,0,2,1,0,2,2,2
1404000000,0,2,1,0,2,2,2
1404086400,0,2,1,0,2,2,2
1404172800,0,2,1,0,2,2,2
1404259200,0,2,1,0,2,2,2
1404345600,0,2,1,0,2,2,2
1404432000,0,2,1,0,2,2,2
1404518400,0,2,1,0,2,2,2
1404604800,0,2,1,0,2,2,2
1404691200,0,2,1,0,2,2,2
1404777600,0,2,1,0,2,2,2
1404864000,0,2,1,0,2,2,2
1404950400,0,2,1,0,2,2,2
1405036800,0,2,1,0,2,2,2
1405123200,0,2,1,0,2,2,2
1405209600,0,2,1,0,2,2,2
1405296000,0,2,1,0,2,2,2
1405382400,0,2,1,0,2,2,2
1405468800,0,2,1,0,2,2,2
1405555200,0,2,1,0,2,2,2
1405641600,0,2,1,0,2,2,2
1405728000,0,2,1,0,2,2,2
1405900800,0,2,1,0,2,2,2
1405987200,0,2,1,0,2,2,2
1406073600,0,2,1,0,2,2,2
1406160000,0,2,1,0,2,2,2
1406246400,0,2,1,0,2,2,2
1406332800,0,2,1,0,2,2,2
1406419200,0,2,1,0,2,2,2
1406505600,0,2,1,0,2,2,2
1406592000,0,2,1,0,2,2,2
1406678400,0,2,1,0,2,2,2
1406764800,0,2,1,0,2,2,2
1406851200,0,2,1,0,2,2,2
1406937600,0,2,1,0,2,2,2
1407024000,0,2,1,0,2,2,2
1407110400,0,2,1,0,2,2,2
1407196800,0,2,1,0,2,2,2
1407283200,0,2,1,0,2,2,2
1407369600,0,2,1,0,2,2,2
1407542400,0,2,1,0,2,2,2
1407715200,0,2,1,0,2,2,2
1407888000,0,2,1,0,2,2,2
1407974400,0,2,1,0,2,2,2
1408060800,0,2,1,0,2,2,2
1408147200,0,2,1,0,2,2,2
1408233600,0,2,1,0,2,2,2
1408320000,0,2,1,0,2,2,2
1408406400,0,2,1,0,2,2,2
1408492800,0,2,1,0,2,2,2
1408579200,0,2,1,0,2,2,2
1408665600,0,2,1,0,2,2,2
1408752000,0,2,1,0,2,2,2
1408838400,0,2,1,0,2,2,2
1408924800,0,2,1,0,2,2,2
1409011200,0,2,1,0,2,2,2
1409097600,0,2,1,0,2,2,2
1409184000,0,2,1,0,2,2,2
1409270400,0,2,1,0,2,2,2
1409356800,0,2,1,0,2,2,2
1409443200,0,2,1,0,2,2,2
1409529600,0,2,1,0,2,2,2
1409616000,0,2,1,0,2,2,2
1409702400,0,2,1,0,2,2,2
1409788800,0,2,1,0,2,2,2
1409875200,0,2,1,0,2,2,3
1409961600,0,2,1,0,2,2,3
1410048000,0,2,1,0,2,2,3
1410134400,0,2,1,0,3,2,3
1410220800,0,2,1,0,2,2,3
1410307200,0,2,1,0,2,2,3
1410393600,0,2,1,0,2,2,3
1410480000,0,2,1,0,2,2,3
1410566400,0,2,1,0,2,2,3
1410652800,0,2,1,0,3,2,3
1410739200,0,2,1,0,2,2,3
1410825600,0,2,1,0,2,2,3
1410912000,0,2,1,0,2,2,3
1410998400,0,2,1,0,2,2,3
1411084800,0,2,1,0,2,2,3
1411171200,0,2,1,0,2,2,3
1411257600,0,2,1,0,3,2,3
1411344000,0,2,1,0,2,2,3
1411430400,0,2,1,0,2,2,3
1411516800,0,2,1,0,3,2,3
1411603200,0,2,1,0,2,2,3
1411689600,0,2,1,0,2,2,3
1411776000,0,2,1,0,2,2,3
1411862400,0,2,1,0,3,2,3
1411948800,0,2,1,0,2,2,3
1412035200,0,2,1,0,3,2,3
1412121600,0,2,1,0,3,2,3
1412208000,0,2,1,0,2,2,3
